"CONTACT_PHONE_AREA_CODE","CONTACT_PHONE","CREDIT_OVERDUE_STATUS"
415,"382-4657",0
415,"371-7191",0
415,"358-1921",0
408,"375-9999",0
415,"330-6626",0
510,"391-8027",0
510,"355-9993",0
415,"329-9001",0
408,"335-4719",0
415,"330-8173",0
415,"329-6603",1
415,"344-9403",0
408,"363-1107",0
510,"394-8006",0
415,"366-9238",0
415,"351-7269",1
408,"350-8884",0
510,"386-2923",0
510,"356-2992",0
415,"373-2782",0
415,"396-5800",0
408,"393-7984",1
415,"358-1958",0
415,"350-2565",0
510,"343-4696",0
415,"331-3698",0
408,"357-3817",0
408,"418-6412",0
415,"353-2630",0
510,"410-7789",0
415,"416-8428",0
510,"370-3359",0
408,"383-1121",0
408,"360-1596",1
408,"395-2854",0
415,"362-1407",0
408,"341-9764",0
415,"353-3305",0
415,"402-1381",0
408,"332-9891",0
408,"372-9976",0
408,"383-6029",1
510,"353-7289",0
415,"390-7274",0
510,"352-1237",0
408,"353-3061",0
415,"363-5450",0
408,"364-1995",0
415,"398-1294",1
415,"405-7146",0
408,"413-4957",0
408,"420-5645",0
408,"349-4396",0
415,"404-3211",0
415,"353-3759",1
408,"363-5947",0
415,"340-5121",0
408,"370-7574",1
415,"403-9733",0
408,"355-7251",0
408,"359-5893",0
415,"405-3371",0
510,"344-5117",0
408,"332-8160",0
408,"359-4081",0
415,"352-8305",0
415,"329-9847",0
408,"365-9011",0
408,"338-9472",0
510,"374-8042",1
408,"359-1231",0
510,"413-7170",0
510,"415-2935",0
415,"399-4246",0
415,"362-5889",0
415,"350-8921",0
415,"374-5353",1
408,"360-1171",1
415,"355-8887",0
408,"333-1967",0
415,"354-4577",0
415,"331-7425",0
408,"419-2637",0
415,"411-1530",0
510,"395-3026",1
510,"388-6441",0
408,"402-1251",1
510,"412-9997",0
415,"346-7302",0
415,"358-9095",1
510,"400-9770",0
415,"334-1275",1
415,"340-4953",0
415,"400-9510",0
415,"387-6103",0
408,"366-4467",0
415,"370-3450",0
415,"327-3954",0
408,"355-6291",1
415,"362-9748",1
510,"379-6506",0
415,"347-7741",0
415,"354-3783",0
408,"401-7594",0
408,"397-4976",0
408,"334-2577",0
510,"400-3637",0
510,"383-4361",0
415,"371-4306",0
408,"403-4298",0
408,"409-3786",0
415,"337-4697",0
408,"383-1509",0
408,"359-9794",0
415,"407-7035",0
510,"363-1069",1
510,"391-4652",0
415,"355-6837",1
510,"409-1244",0
408,"328-3266",0
408,"352-7072",0
408,"370-7550",0
510,"369-5526",0
415,"329-4391",0
510,"408-4195",0
408,"354-4445",0
415,"335-4858",1
510,"414-8718",1
408,"409-5939",0
408,"331-4902",0
415,"353-6870",0
408,"355-2909",0
415,"390-6101",0
408,"400-3446",0
408,"411-5859",0
510,"387-2919",0
415,"374-8525",0
510,"379-5592",0
510,"345-8237",0
415,"422-6690",0
510,"346-2359",0
415,"374-3534",0
415,"381-4756",0
510,"390-2805",0
408,"390-2390",1
415,"419-9097",0
408,"386-7281",0
408,"380-3561",0
408,"390-8760",0
408,"366-6730",0
408,"395-5285",0
415,"354-3436",0
408,"336-7600",0
415,"383-6293",0
415,"362-4596",0
408,"401-3926",0
415,"370-9116",1
510,"328-6289",0
510,"350-9994",0
510,"351-4616",0
415,"360-5779",0
415,"417-4885",0
510,"406-4710",0
415,"409-8743",0
415,"335-4584",0
415,"361-9845",0
510,"366-5699",0
415,"329-9364",0
408,"390-7434",0
510,"404-9680",0
408,"338-9398",0
408,"394-2445",0
415,"381-2709",0
415,"397-5060",0
408,"415-2393",0
415,"377-1765",0
415,"409-2111",0
415,"401-3170",0
408,"405-5681",0
408,"411-4582",0
510,"355-5009",0
415,"372-3750",1
408,"405-2888",0
408,"361-3337",0
510,"350-1639",0
415,"333-3221",0
408,"422-1471",0
415,"399-7865",0
510,"373-4819",0
408,"338-6981",0
415,"418-4365",0
415,"359-5461",0
408,"375-3586",0
415,"407-8376",0
408,"408-6496",0
415,"385-7688",0
415,"332-6934",0
510,"378-3625",1
510,"353-7292",1
408,"399-6786",0
415,"358-3261",0
408,"377-9932",0
415,"397-4030",0
510,"367-1062",0
415,"341-8467",0
415,"339-9453",0
415,"344-3388",0
415,"375-8013",0
510,"408-4142",0
510,"386-3671",0
415,"411-2284",0
510,"346-7795",0
415,"333-5609",0
408,"405-1842",0
510,"366-6345",1
415,"337-9345",0
415,"328-6770",0
415,"380-7321",0
415,"375-1476",1
415,"356-1567",0
415,"422-6685",0
408,"336-1090",0
415,"343-2095",0
408,"345-3934",0
408,"338-8050",0
415,"388-9568",0
415,"402-6591",0
408,"403-6419",0
415,"386-9790",0
415,"378-5692",0
408,"360-3324",1
415,"410-3719",0
415,"352-4221",0
415,"327-6179",0
415,"359-6196",0
510,"374-9107",1
408,"357-4078",0
408,"366-5780",0
510,"393-9619",0
415,"355-9295",0
510,"400-5751",0
415,"338-1027",1
415,"405-8867",0
408,"336-5616",0
408,"335-1697",1
408,"331-5138",0
415,"385-8240",0
510,"348-1359",0
408,"354-7339",0
510,"349-1687",0
415,"380-2558",1
415,"365-2153",0
408,"345-6043",0
510,"349-2808",0
415,"411-1715",0
408,"385-2488",0
510,"377-7177",0
415,"342-1099",0
408,"386-4170",1
510,"413-1269",0
510,"396-4460",0
408,"334-2730",0
415,"340-3182",0
510,"377-8608",0
408,"417-3676",0
510,"417-6774",0
510,"411-9554",0
408,"420-3192",0
510,"389-1475",0
408,"343-7734",0
415,"410-3390",0
415,"344-6495",0
415,"331-6229",0
415,"337-7501",0
408,"339-9631",0
415,"369-4384",0
510,"416-3915",0
408,"339-3049",1
415,"361-7998",0
510,"355-4842",0
415,"387-6440",0
415,"369-2625",0
415,"389-7073",0
415,"370-8463",0
415,"362-7318",0
408,"412-1194",0
510,"355-9508",0
408,"352-8202",0
510,"335-5882",0
510,"352-6976",1
415,"393-6733",0
510,"335-1838",0
510,"355-6930",0
415,"387-5860",1
510,"343-2605",0
510,"350-6759",0
415,"371-1514",0
415,"346-9317",0
415,"398-4313",0
415,"412-4399",0
415,"330-1835",0
415,"416-1676",1
408,"329-7347",1
415,"360-6868",0
510,"405-6641",0
415,"393-2373",0
415,"419-1714",1
408,"336-3819",1
510,"341-3464",0
415,"413-5310",0
415,"366-7912",1
415,"399-8845",0
510,"368-2583",0
408,"360-6309",0
408,"359-5890",0
408,"332-2462",0
415,"381-9196",0
415,"329-3222",0
510,"363-5819",0
510,"413-9269",1
510,"330-7483",0
415,"403-7775",0
408,"360-2479",0
415,"394-3791",0
408,"384-2632",0
510,"359-8466",0
408,"331-8909",0
408,"359-5160",0
510,"330-9833",0
510,"362-2314",0
510,"338-8478",0
415,"387-5453",1
415,"380-3437",1
510,"365-8779",0
510,"407-2750",0
408,"396-8265",0
510,"397-4304",0
415,"333-2611",0
510,"409-8814",0
408,"336-5406",0
415,"343-6940",1
415,"361-9923",0
415,"350-6639",0
408,"376-4300",0
510,"349-6567",0
415,"333-7749",0
415,"408-6089",0
510,"375-2165",0
415,"400-6999",0
510,"420-7823",1
510,"366-5241",0
415,"413-3412",0
408,"406-2752",0
415,"337-8078",0
408,"402-1942",1
415,"371-7917",0
408,"343-6374",0
408,"385-8730",0
408,"393-7892",0
408,"407-6748",0
408,"341-4463",1
415,"351-2587",0
415,"421-9752",0
408,"356-4001",0
408,"328-9869",0
415,"343-5709",1
415,"334-1872",0
415,"350-1040",0
415,"369-3214",0
415,"385-6778",0
415,"383-7689",0
408,"385-5722",0
415,"357-1909",1
415,"364-3567",0
415,"422-4241",0
415,"370-2957",0
415,"329-6562",0
408,"363-3515",0
415,"374-7787",1
415,"345-2931",0
510,"373-5732",0
415,"348-7437",0
415,"332-9460",0
415,"355-6531",0
408,"336-9390",0
415,"346-8581",0
415,"363-8824",0
510,"353-3351",0
415,"360-4320",0
510,"417-6252",0
415,"393-4949",0
415,"401-3156",0
415,"338-6283",0
510,"352-9017",0
510,"405-5305",1
415,"376-9249",0
408,"339-7139",0
415,"328-6011",1
510,"378-1303",0
415,"402-5155",1
415,"333-5430",0
415,"365-9696",0
408,"410-4023",0
510,"411-7649",0
415,"338-4065",0
415,"421-9401",0
415,"343-9658",0
510,"332-5521",1
510,"349-4369",0
415,"351-4288",0
408,"422-5874",0
415,"396-2324",0
415,"416-5662",0
415,"363-9663",0
415,"410-9477",0
415,"352-4418",1
510,"361-6563",1
408,"417-4404",0
408,"372-8048",0
415,"356-3646",0
415,"351-9604",0
510,"355-9581",0
415,"396-5189",0
415,"356-9187",0
415,"394-5537",0
510,"408-2712",0
415,"404-4486",0
415,"355-1113",0
408,"411-4674",0
510,"376-4519",0
510,"365-5979",1
415,"382-2879",0
510,"420-1383",0
415,"411-7390",0
408,"383-8848",0
510,"387-9301",0
415,"399-3164",0
510,"385-8997",1
510,"352-6573",0
415,"408-3384",0
510,"419-6033",0
408,"336-2090",0
510,"343-7242",0
510,"376-1713",0
408,"381-5878",0
510,"390-5470",0
510,"414-4803",0
510,"382-5478",0
415,"333-7637",0
510,"341-1647",0
408,"411-4232",0
408,"339-2616",0
510,"327-3850",0
415,"328-7209",0
408,"405-6189",1
415,"418-6737",1
415,"366-2212",0
408,"356-1420",0
415,"343-1323",0
415,"361-8239",0
415,"384-1621",0
408,"360-3525",0
415,"392-3813",0
408,"337-6898",0
415,"366-8036",0
415,"352-8327",1
510,"334-9505",1
415,"336-5702",0
415,"392-2381",0
510,"369-6880",0
415,"416-8697",0
408,"345-3451",0
408,"379-2514",0
510,"418-6651",1
415,"421-3528",0
510,"329-9046",0
510,"406-3890",0
510,"403-8904",0
408,"393-4086",0
408,"400-1367",0
408,"377-9473",0
408,"396-3068",0
415,"331-9293",0
510,"347-1914",0
510,"395-1962",0
415,"401-5485",0
510,"355-6560",0
415,"363-3911",0
510,"345-1998",0
415,"361-5277",0
415,"376-7145",0
415,"375-2975",1
415,"376-8573",1
415,"366-7360",0
408,"347-7898",0
415,"390-7328",0
415,"356-5491",0
415,"373-3251",0
408,"343-1965",1
415,"378-8019",0
415,"386-1548",0
415,"397-1649",0
415,"366-7247",1
415,"402-9691",0
510,"334-9806",0
415,"378-7733",0
415,"407-2248",0
415,"405-3916",1
408,"407-2081",0
415,"397-9148",1
408,"415-4857",0
415,"354-7314",0
408,"346-5611",0
415,"349-4703",0
408,"411-7778",1
510,"421-1469",0
510,"420-5990",0
408,"389-4780",0
415,"357-2735",0
408,"409-4791",0
415,"380-5286",0
510,"394-8402",1
408,"392-1616",0
408,"364-1969",0
510,"390-4152",0
408,"367-7039",0
510,"391-6607",0
415,"379-6652",0
415,"384-1833",0
510,"403-2455",0
415,"391-1348",0
415,"408-4174",0
415,"366-4334",0
415,"406-5059",0
510,"373-6784",0
408,"408-3532",0
415,"350-8680",0
415,"398-9870",0
415,"343-3356",0
408,"415-4609",0
408,"404-5387",0
415,"415-8151",0
415,"416-2778",1
415,"393-3300",0
510,"391-7661",0
510,"339-4317",0
510,"418-6455",1
510,"378-3508",1
415,"390-9359",0
408,"364-2495",0
415,"364-7719",1
415,"421-1189",0
510,"419-8987",1
510,"402-9980",0
415,"376-5908",0
415,"400-3150",0
408,"336-1749",0
408,"420-1259",0
408,"339-7541",1
415,"378-9029",0
415,"342-7514",0
408,"422-4956",0
408,"389-8606",0
415,"406-7261",0
415,"417-7973",0
510,"390-2891",0
510,"385-7387",0
510,"362-2776",0
510,"329-1955",0
408,"344-3160",1
510,"406-2454",0
415,"335-3913",0
415,"355-7705",0
408,"410-7108",0
510,"419-1674",1
415,"351-7369",0
415,"349-9566",0
408,"333-3421",0
408,"393-8199",0
408,"388-4879",0
415,"353-6007",1
415,"416-1557",0
415,"356-7217",0
408,"350-2012",0
510,"420-9838",1
408,"373-6379",0
408,"355-7293",0
415,"406-4588",0
408,"345-1524",1
408,"375-8493",0
408,"361-2924",0
408,"359-6163",0
510,"411-8140",0
510,"381-9049",0
415,"344-4478",0
408,"360-2690",0
510,"410-7383",0
408,"356-1889",0
415,"341-2360",0
510,"370-3021",0
510,"336-4656",0
415,"386-2810",1
510,"350-1354",0
415,"346-5707",0
415,"405-8370",0
415,"373-2053",1
415,"369-5222",0
415,"347-7420",0
415,"392-6856",0
415,"371-5556",0
510,"334-5337",0
415,"334-8817",0
510,"339-1405",0
415,"380-7742",1
408,"329-6191",0
510,"340-3075",0
408,"416-5849",0
510,"334-7443",0
510,"394-9121",0
415,"383-1657",1
415,"347-4112",0
510,"362-8280",0
408,"402-9982",0
415,"392-8905",0
415,"392-5512",0
510,"351-6384",0
408,"348-8015",1
510,"374-6966",0
415,"328-2236",0
415,"372-6497",1
408,"417-8617",0
415,"361-9621",0
408,"421-2723",0
415,"327-9341",0
408,"383-5474",0
510,"328-8147",0
408,"373-5438",0
408,"333-9253",0
415,"347-9421",0
415,"419-3167",0
415,"414-4162",0
408,"416-5341",0
415,"368-8600",0
415,"336-6085",0
510,"377-1479",0
415,"360-2107",0
408,"405-9384",0
415,"420-5179",0
415,"331-3174",0
408,"411-5958",1
415,"333-8180",0
408,"357-2679",0
415,"396-2867",0
415,"341-9443",0
510,"341-4103",0
510,"416-8701",1
415,"397-6109",0
415,"392-5587",0
415,"392-9342",0
415,"368-2845",0
408,"405-4920",1
408,"348-7484",0
415,"338-5207",0
415,"418-7846",0
408,"358-8729",0
415,"349-1943",0
415,"368-8283",0
510,"345-1419",0
415,"358-8025",0
415,"383-8695",0
408,"370-7565",0
415,"401-6162",0
408,"386-5303",0
408,"351-6552",0
415,"345-5338",0
415,"330-2849",0
408,"364-6801",0
408,"375-3003",0
510,"383-8878",0
415,"384-2372",1
510,"377-7107",0
415,"361-1581",0
415,"417-7888",0
408,"383-8364",0
408,"396-2335",0
415,"408-4530",0
415,"408-6621",0
510,"393-7522",0
510,"338-7120",0
415,"357-4265",0
415,"398-8801",0
510,"346-2347",0
408,"343-2741",0
510,"420-8242",0
510,"402-7746",0
415,"332-1494",0
415,"388-6223",0
408,"404-9539",0
415,"341-7332",0
415,"338-7886",0
415,"332-5596",0
415,"348-9945",0
415,"407-1896",0
510,"398-9408",0
510,"369-8005",0
415,"346-2530",0
415,"400-5984",0
510,"351-1007",0
415,"345-5980",0
510,"368-8964",0
510,"358-1912",0
510,"379-3132",0
415,"340-9910",0
415,"396-2719",0
415,"369-6204",0
510,"420-9971",1
408,"410-3782",0
415,"404-4481",0
408,"383-9255",0
510,"418-9385",0
415,"360-9676",0
510,"327-3587",1
415,"385-4715",0
510,"414-2695",0
510,"331-5999",0
510,"337-7739",0
408,"388-6658",0
415,"405-6943",0
510,"382-4084",0
415,"352-8249",0
510,"353-8363",1
415,"416-2825",0
510,"342-6696",0
408,"338-9210",0
415,"328-1768",0
415,"406-5870",0
415,"398-3834",1
415,"330-7754",1
510,"414-9054",0
510,"350-2832",0
510,"414-9027",0
415,"337-1225",0
415,"394-6577",0
408,"359-6995",0
415,"377-7561",0
415,"380-6631",0
415,"390-8876",0
510,"413-2201",0
408,"374-2073",0
510,"417-1272",0
415,"358-1129",0
415,"394-1211",0
510,"327-1319",0
415,"399-4413",0
415,"393-9985",0
415,"401-8377",0
415,"331-3202",0
415,"358-5953",0
510,"380-7624",0
415,"416-5261",0
510,"417-5067",0
408,"345-6515",0
415,"406-1349",0
415,"360-9038",0
415,"348-3444",0
415,"370-2892",0
415,"383-4061",1
415,"391-7937",0
415,"389-4083",0
415,"410-9633",0
415,"418-9502",0
415,"339-6637",1
510,"356-3403",0
408,"371-9457",1
415,"391-8087",0
510,"392-6420",0
415,"399-4094",0
510,"378-4013",0
415,"386-6306",0
408,"359-3618",0
510,"340-8875",0
415,"330-2693",0
510,"403-7627",0
408,"342-3678",0
415,"344-9943",0
415,"390-5686",0
408,"358-5826",0
408,"393-7826",1
415,"335-9786",0
510,"368-9860",0
415,"416-9522",0
415,"416-7307",0
510,"397-6789",1
408,"335-9501",0
408,"388-1250",0
415,"386-1374",0
415,"346-8112",0
408,"364-9040",1
415,"366-3944",0
415,"331-9861",0
415,"330-2881",0
510,"402-9558",0
510,"341-3180",0
408,"371-8598",0
415,"398-8385",0
408,"333-4154",0
408,"330-3589",0
415,"417-1477",0
510,"327-5525",0
510,"363-8244",0
510,"419-9104",0
510,"363-1560",0
510,"341-4075",0
510,"366-9074",0
510,"367-1424",0
415,"341-1191",1
510,"342-9480",0
510,"355-9360",0
408,"343-1538",0
415,"335-2331",0
510,"335-7257",0
415,"332-2137",0
415,"352-2998",0
510,"346-6941",0
510,"400-2203",0
415,"421-2955",0
510,"331-6629",0
415,"343-6314",0
415,"414-6638",0
510,"350-5883",0
408,"409-4447",1
415,"376-4856",0
408,"335-1874",1
510,"397-6255",0
415,"381-5047",0
510,"403-6850",0
415,"375-3658",0
510,"341-2603",0
510,"342-5062",0
415,"354-1558",0
408,"351-9537",0
415,"401-1252",0
415,"366-9538",0
408,"364-7622",0
408,"393-9918",0
415,"376-4484",0
415,"410-6791",1
415,"343-2392",0
408,"408-4323",0
415,"395-1718",0
408,"354-9492",0
408,"367-8168",1
510,"340-3500",0
415,"369-4962",0
415,"334-8967",0
510,"402-2377",0
408,"366-3917",0
415,"333-3531",0
415,"333-8954",0
408,"374-9203",1
415,"334-3289",0
415,"353-7822",0
510,"350-1422",0
408,"385-8406",0
510,"380-7277",0
415,"352-1798",0
415,"385-7922",0
510,"353-7730",0
408,"337-7163",0
510,"348-5567",0
408,"420-9575",0
510,"366-3358",1
510,"359-9972",0
408,"387-3332",0
415,"354-6960",0
415,"405-3335",0
415,"379-4257",0
415,"355-4992",0
415,"383-6373",0
510,"382-7993",0
408,"422-5865",0
510,"410-9961",0
415,"343-9946",0
408,"357-7060",0
415,"355-9541",0
408,"378-4145",0
510,"386-2317",0
408,"335-8146",0
415,"377-2235",0
415,"386-9141",0
415,"416-5623",0
510,"327-3053",0
415,"395-6195",1
415,"397-8772",0
510,"346-7656",1
415,"343-2350",0
415,"372-4722",0
408,"399-8615",0
415,"379-8248",0
415,"414-6219",0
510,"387-1343",0
510,"370-5527",1
510,"393-8736",0
415,"402-7626",0
415,"370-2688",1
415,"418-9036",1
408,"417-2035",0
415,"355-3602",0
408,"393-4027",0
415,"418-5141",0
415,"406-1247",0
415,"402-3892",1
510,"332-2965",0
408,"377-1218",0
510,"355-2464",1
408,"404-4611",0
415,"373-2339",0
415,"410-3503",0
408,"410-4739",0
415,"365-3562",0
510,"387-7641",0
415,"385-9744",0
415,"398-5006",0
415,"408-3977",0
408,"334-2729",0
415,"334-7685",0
415,"350-9228",0
415,"407-5774",0
510,"413-4039",0
415,"343-2077",0
415,"336-5661",0
510,"355-4143",0
415,"366-5918",0
510,"368-7555",1
408,"408-2119",0
408,"329-2789",0
510,"334-1508",0
415,"337-1506",0
415,"396-8400",0
408,"349-2654",0
415,"417-2716",0
510,"402-1725",0
415,"403-3229",0
510,"353-6056",0
415,"399-9802",1
415,"366-7069",0
408,"332-5949",1
415,"393-6376",0
408,"354-7025",0
408,"351-6585",0
415,"330-5462",0
415,"407-2292",0
415,"340-3011",0
415,"345-9153",0
510,"379-5503",0
415,"389-6790",0
415,"408-3610",0
415,"375-8238",0
510,"378-5633",0
408,"389-9120",0
415,"380-2758",0
408,"402-2728",0
415,"354-9062",0
415,"417-2054",0
408,"353-1941",0
415,"328-1522",0
510,"408-4529",1
408,"417-5320",0
408,"370-9755",1
415,"372-4835",0
415,"334-6605",0
415,"399-5564",0
415,"392-2887",0
408,"328-2110",0
510,"383-5976",0
510,"332-6181",1
415,"330-5255",0
408,"413-5190",1
415,"394-7447",1
415,"353-7096",0
510,"395-6002",0
408,"372-9816",0
415,"400-7253",0
510,"344-7470",0
415,"378-8572",0
415,"345-9140",1
415,"340-5460",0
415,"369-8024",1
510,"395-8595",0
408,"359-4587",0
415,"375-5439",0
415,"361-3779",0
510,"375-8934",0
510,"395-4757",0
510,"421-7205",0
510,"379-8805",0
510,"348-2150",0
415,"417-9128",0
510,"351-4226",0
415,"330-6630",0
408,"387-9137",1
415,"372-3987",0
408,"408-5183",0
510,"412-9357",0
415,"402-3599",0
510,"379-5211",0
415,"405-9217",0
408,"340-9200",0
415,"339-9026",0
415,"343-4772",0
510,"345-2108",0
415,"401-4650",0
415,"400-3945",0
415,"338-3781",0
415,"342-6316",0
415,"336-5920",0
415,"332-1060",0
415,"418-3426",0
415,"408-6326",1
415,"334-6142",0
415,"336-6128",0
408,"406-6708",0
510,"388-8670",0
510,"363-5853",0
510,"383-6544",0
415,"378-2940",0
415,"338-7683",0
510,"329-2786",1
415,"369-9465",0
510,"337-3769",0
415,"400-6257",1
415,"411-6663",0
510,"384-3101",0
408,"339-5329",0
408,"388-9944",0
510,"403-1769",0
408,"390-1612",0
510,"421-7214",0
415,"338-6962",1
415,"333-9826",0
510,"411-8549",0
510,"381-9234",0
510,"387-9855",0
415,"371-6990",0
510,"417-3046",0
408,"385-7082",0
510,"365-5886",0
415,"373-5196",0
510,"327-6194",0
510,"381-4565",0
510,"357-9832",0
415,"396-4845",0
415,"378-6772",0
408,"353-4296",0
408,"362-8331",0
415,"362-4685",0
408,"383-1431",0
415,"332-2258",0
510,"375-8304",0
415,"340-5580",0
510,"362-1490",0
415,"336-4281",0
415,"361-1315",0
510,"342-5906",0
415,"405-7904",0
415,"349-4762",0
510,"385-3263",0
408,"405-9496",0
415,"396-6775",0
510,"393-6475",0
415,"379-7779",0
408,"408-8650",0
408,"400-3497",0
510,"407-9244",0
415,"406-8809",0
408,"358-1778",0
415,"337-4339",0
415,"344-7197",1
408,"333-7631",1
408,"372-6623",0
415,"363-2602",0
408,"387-7757",0
415,"397-5381",0
510,"406-4604",0
415,"376-9513",0
408,"360-1852",0
408,"421-7270",0
408,"371-9482",0
510,"337-4101",0
510,"420-2796",0
510,"366-4225",0
510,"398-4567",0
408,"388-4571",0
408,"360-8666",0
415,"333-3704",0
510,"383-2566",0
415,"406-5584",0
415,"344-4691",0
510,"347-9737",0
415,"333-7961",0
415,"364-2439",0
510,"411-8043",0
510,"332-5084",1
415,"413-4831",0
415,"343-4806",0
510,"401-8735",1
510,"391-8626",0
415,"327-5817",0
510,"381-4712",0
415,"335-3320",0
415,"415-8780",0
510,"362-1146",0
408,"352-7413",0
415,"387-6716",0
408,"352-1127",0
408,"368-1288",1
415,"403-5279",0
408,"397-9333",0
415,"411-7353",0
415,"383-2537",0
415,"330-4419",0
415,"390-7930",1
415,"362-5111",1
408,"358-6796",0
415,"409-7494",0
408,"400-1636",0
408,"389-2747",0
415,"415-2176",0
415,"377-8067",0
415,"362-7835",0
415,"361-5225",0
408,"333-3447",0
415,"341-3044",0
408,"350-7306",1
408,"353-8849",0
415,"402-3476",0
415,"338-6018",1
510,"409-3520",0
408,"357-1085",0
510,"353-3285",0
415,"409-9885",0
415,"388-7701",0
415,"385-8184",1
415,"345-2863",0
408,"353-6300",0
415,"389-5649",0
415,"378-8137",0
408,"340-4627",0
415,"352-6833",0
415,"420-2000",0
415,"368-5437",1
408,"418-8170",0
408,"403-9417",0
408,"330-6165",0
408,"412-4185",0
415,"409-4734",1
415,"348-9828",0
408,"418-8850",0
415,"330-8351",0
415,"347-7773",0
408,"392-6841",0
510,"354-2189",0
510,"349-9060",0
510,"334-1311",0
408,"415-3120",0
415,"387-5891",0
415,"368-8026",0
510,"332-9446",0
408,"393-5284",0
510,"376-1677",0
415,"392-2268",0
408,"396-4311",0
415,"363-4005",0
408,"344-9966",0
408,"337-7377",0
415,"373-7037",0
415,"356-7580",0
415,"390-3401",0
415,"350-9313",0
408,"420-9009",0
415,"415-2641",0
510,"392-4929",0
408,"346-5068",1
510,"389-2631",0
510,"368-3808",0
415,"406-8599",0
415,"386-7456",0
415,"357-4936",0
415,"397-7411",0
408,"353-6218",0
415,"369-5942",0
408,"416-8543",0
415,"358-4576",1
415,"352-5118",1
510,"408-2621",0
415,"353-3994",0
510,"367-4277",0
415,"354-3237",0
510,"394-8504",0
415,"370-4139",0
415,"382-6135",0
415,"359-5718",0
415,"385-3111",0
408,"353-4880",0
415,"343-7019",1
415,"419-6133",0
510,"350-7344",0
510,"397-6064",0
415,"363-6896",0
510,"416-9021",0
408,"408-3269",0
408,"408-9463",0
415,"340-7062",0
415,"417-4309",0
415,"421-2659",0
510,"383-2017",0
415,"411-6294",0
408,"332-9525",0
415,"401-5012",0
510,"368-8835",0
510,"351-1382",0
415,"359-7694",0
415,"419-5505",0
415,"341-4570",0
415,"366-6991",0
415,"377-7399",0
510,"377-9092",0
510,"373-6681",0
510,"417-7736",0
408,"393-2812",0
510,"398-3176",0
408,"334-8694",1
510,"369-5449",1
510,"380-5246",0
408,"390-3873",0
510,"354-4568",0
510,"339-6968",0
510,"379-5933",0
415,"365-5682",0
415,"382-8518",0
510,"356-8449",1
510,"333-3460",0
510,"375-8596",0
415,"384-5907",0
408,"373-2903",0
415,"361-7702",0
415,"388-5850",0
415,"405-6298",0
415,"368-2074",0
510,"328-5050",0
415,"395-5783",0
415,"420-7301",0
510,"328-2478",0
415,"381-2460",0
510,"390-9811",1
415,"373-5670",0
415,"351-7016",0
415,"394-9934",0
510,"422-8268",0
408,"373-7690",0
415,"366-9781",0
510,"404-5427",0
415,"389-9783",0
408,"351-7005",1
408,"348-2009",0
415,"340-4236",0
415,"348-1528",0
415,"365-5039",0
415,"411-1810",0
510,"364-7644",1
415,"335-9066",0
408,"362-7581",0
408,"346-1095",0
415,"357-9136",1
510,"390-7863",0
510,"344-2416",0
415,"373-1448",1
415,"360-7076",0
408,"413-2241",1
510,"343-3961",0
510,"375-4107",1
408,"414-7410",0
415,"351-2535",0
415,"416-9615",0
415,"377-1293",1
415,"388-6479",0
415,"390-2755",0
408,"340-5930",0
510,"401-3622",0
408,"382-1104",0
408,"355-9324",0
415,"393-4843",0
415,"401-4052",0
415,"385-1830",0
408,"348-7409",0
408,"361-4910",0
415,"415-6578",0
415,"395-5015",0
510,"369-6012",0
415,"394-4520",1
510,"380-5873",0
415,"372-5384",0
408,"419-1863",1
415,"352-5697",0
510,"373-4274",0
415,"382-4024",0
415,"395-9215",1
510,"331-9149",0
415,"347-3958",0
415,"389-2540",0
510,"399-3083",1
415,"420-8308",0
415,"384-7724",0
415,"389-2114",0
510,"335-4414",0
415,"370-5361",0
510,"374-5965",0
415,"420-6414",0
408,"392-2708",0
415,"352-7234",0
415,"337-9878",0
408,"350-7288",0
415,"415-8448",1
510,"392-6331",0
415,"392-3315",0
510,"382-5401",1
408,"389-7012",0
415,"411-4714",1
510,"343-3846",0
415,"370-4395",0
408,"422-4394",0
408,"405-1780",0
415,"393-2220",0
408,"355-8299",0
408,"379-8681",1
415,"409-7034",0
415,"358-1922",0
510,"346-1629",1
415,"347-1870",0
415,"374-9576",1
408,"380-1096",0
415,"396-5790",0
415,"356-5244",0
510,"341-1412",0
415,"387-7371",1
415,"392-2555",1
408,"403-9167",1
408,"338-6550",0
408,"357-5801",0
510,"403-1953",0
408,"357-6039",1
415,"388-9653",0
415,"359-2915",0
408,"381-4562",0
408,"406-2213",0
408,"330-6436",0
415,"332-4289",0
408,"386-3596",0
510,"337-3740",0
415,"414-1496",1
415,"349-7291",0
415,"385-1985",0
510,"329-7102",0
415,"394-2553",0
415,"339-1330",1
408,"398-1959",0
415,"408-7015",0
415,"384-9254",0
408,"355-9475",0
415,"334-1337",0
510,"359-1441",0
415,"391-5442",0
408,"374-1551",0
415,"399-6233",1
408,"337-4749",0
415,"403-5552",0
415,"405-3097",1
415,"364-9240",0
415,"404-9348",0
415,"336-1462",0
415,"364-8981",0
510,"412-7606",0
415,"380-6342",0
415,"418-3017",0
408,"367-3648",0
510,"341-5892",0
415,"334-4678",0
415,"366-6751",0
415,"397-8512",0
510,"367-9495",0
510,"379-2991",0
510,"356-4832",0
415,"413-4040",1
415,"366-4444",0
510,"394-3806",0
415,"368-5647",0
415,"412-1076",0
510,"413-7655",0
408,"371-2316",0
408,"420-3346",0
415,"367-3971",0
408,"417-5813",0
415,"421-8535",0
510,"375-1721",0
510,"331-8484",0
510,"366-5829",1
415,"367-7906",0
415,"412-2520",1
408,"386-9177",0
415,"420-6780",0
408,"401-1454",0
510,"379-2508",0
415,"353-3492",0
408,"406-4840",0
415,"391-7982",0
510,"379-9821",0
510,"398-7414",0
408,"338-8566",0
415,"397-3058",0
415,"389-8096",0
415,"393-6840",1
415,"360-7404",0
510,"411-5740",0
415,"412-3726",0
408,"372-7326",0
510,"338-9873",0
415,"383-4322",0
415,"401-7654",0
415,"410-5455",0
510,"419-4310",0
415,"367-2056",0
510,"363-6695",0
415,"374-6217",0
510,"337-9569",0
408,"350-9720",0
415,"380-4080",1
510,"333-7460",0
415,"378-3722",0
510,"353-9339",0
415,"386-6535",0
408,"403-5575",0
408,"331-5962",0
510,"390-9627",1
415,"406-4560",0
415,"359-6931",0
510,"331-7342",0
415,"367-2227",0
415,"335-8836",0
415,"398-6703",0
415,"370-8379",0
408,"335-3880",0
415,"375-8761",0
510,"367-1398",0
415,"395-7857",0
408,"398-8745",1
408,"386-3717",0
510,"330-1175",0
415,"418-6752",0
408,"349-6464",0
415,"366-7331",0
415,"361-8288",0
408,"377-6635",0
408,"408-1513",0
415,"370-7546",0
415,"389-4278",0
510,"379-3012",0
415,"355-3620",0
415,"413-7743",1
510,"372-2296",0
415,"333-9728",0
415,"415-6110",0
415,"340-9803",0
415,"400-7002",1
415,"395-7435",0
408,"336-7143",0
415,"352-2175",0
510,"346-6352",0
415,"405-7467",0
415,"379-8526",0
415,"410-5713",0
408,"408-5916",0
415,"370-5626",0
408,"408-1331",0
510,"419-9688",0
415,"343-5219",1
415,"401-5586",0
510,"377-9178",0
415,"345-5639",0
408,"336-3488",0
415,"414-6426",0
415,"335-5591",0
408,"421-9144",0
408,"422-7728",0
415,"344-3466",1
415,"398-7978",0
510,"346-8368",0
415,"392-2722",0
510,"393-3274",0
408,"339-4636",0
415,"349-7138",0
408,"363-3295",0
510,"407-9830",0
510,"333-8822",0
415,"419-6418",0
510,"351-8955",0
408,"338-1840",0
415,"336-6997",0
408,"408-6266",0
408,"332-4291",0
510,"355-7895",0
408,"348-2916",0
415,"339-8132",0
408,"374-1684",0
415,"362-7604",0
415,"389-3206",0
408,"336-2829",0
415,"403-8916",1
415,"384-1135",0
415,"390-2320",0
408,"398-8578",0
415,"393-9424",0
415,"417-6330",0
510,"340-6339",0
415,"380-6571",0
510,"368-6488",0
415,"363-2193",0
415,"328-1206",0
510,"385-3540",0
415,"337-7167",1
510,"372-8405",0
510,"377-1273",1
510,"380-7816",1
415,"402-6744",1
510,"400-2181",1
510,"366-1613",1
415,"347-8205",0
415,"328-2982",0
408,"384-8723",1
415,"341-7686",1
408,"353-6038",0
408,"416-8827",0
415,"418-8450",0
510,"385-7861",0
510,"393-3507",0
408,"372-5262",0
510,"411-3095",0
415,"331-5919",0
415,"402-1556",0
415,"349-7362",0
408,"339-2734",0
408,"330-4914",0
415,"371-2500",1
408,"335-3681",0
415,"405-1132",0
415,"399-9239",0
510,"350-7227",0
408,"384-6654",0
415,"376-4271",0
415,"391-8124",0
415,"393-2524",0
408,"384-4385",0
408,"377-8266",0
415,"345-1243",0
415,"394-8086",0
510,"348-9145",0
415,"376-5201",0
415,"356-2093",0
415,"353-2080",0
415,"397-7500",0
415,"414-5786",0
415,"388-4282",0
408,"415-5132",0
510,"352-4541",0
415,"373-5928",0
415,"406-7737",0
510,"332-7607",0
408,"359-7788",0
408,"384-1549",0
415,"352-8508",0
415,"404-1002",0
415,"414-2905",0
415,"380-9849",0
510,"387-6498",0
415,"360-6024",0
510,"352-5815",0
415,"366-2273",1
415,"414-9119",0
415,"409-8796",0
415,"337-2442",0
415,"404-1931",0
415,"367-9765",0
415,"378-7299",0
408,"410-5192",0
415,"405-1108",1
415,"392-1734",0
415,"395-6030",0
510,"330-5168",0
408,"334-3142",0
415,"362-9983",0
510,"414-2606",0
415,"402-4501",0
510,"387-2604",1
415,"400-3343",0
510,"353-2450",0
408,"406-2032",0
415,"409-4462",0
415,"392-5941",0
415,"334-9182",0
408,"346-3445",0
415,"368-9507",0
408,"382-3966",0
415,"334-5844",0
415,"362-9411",0
415,"390-3565",0
415,"417-4810",1
408,"384-3389",0
415,"414-9717",0
415,"357-1700",0
415,"376-7207",0
415,"368-7706",1
408,"346-4216",0
510,"370-9533",0
415,"372-1493",0
408,"387-6031",0
415,"366-6248",0
510,"369-3756",0
510,"363-1719",0
408,"402-6666",0
510,"408-9779",0
510,"407-2441",0
510,"384-5027",0
510,"380-3161",0
415,"360-8135",0
415,"399-5426",0
415,"385-2564",0
510,"337-8618",1
510,"354-8491",0
415,"394-6278",0
408,"405-2276",1
510,"376-1000",0
415,"397-1659",0
415,"379-3953",0
408,"418-6512",0
408,"392-5296",0
510,"355-3814",0
415,"375-2098",0
510,"372-7990",1
408,"356-4558",0
510,"398-5788",0
408,"390-4003",0
408,"332-8103",0
415,"406-9926",1
415,"418-2402",0
510,"384-3299",1
510,"378-9090",0
510,"350-6473",0
415,"379-4583",0
408,"411-5078",0
510,"347-4982",0
408,"341-9274",0
415,"353-7461",0
408,"371-7366",0
415,"395-7923",1
408,"351-8398",0
415,"329-2204",0
415,"407-7507",0
415,"405-8075",0
415,"390-9698",0
408,"403-4917",0
408,"391-6709",0
415,"389-5988",0
415,"372-1534",0
510,"395-6369",0
415,"400-3197",0
510,"377-4169",1
415,"384-5343",0
408,"338-4472",0
415,"332-2126",0
408,"349-2157",0
510,"393-4823",1
510,"385-2683",0
510,"345-8350",0
408,"334-4506",0
415,"332-3544",0
510,"380-5102",0
415,"395-6149",0
408,"398-8122",0
415,"334-4438",0
415,"384-7459",0
408,"368-3931",0
415,"353-1352",0
415,"348-5725",1
415,"365-2008",1
415,"393-3635",0
415,"380-8727",1
415,"381-2376",0
510,"365-8114",0
408,"415-5008",0
510,"392-8318",0
408,"401-4007",0
510,"338-7709",0
415,"374-1981",1
415,"333-5101",1
415,"345-3734",0
510,"384-5004",1
408,"341-9396",0
415,"408-6302",0
408,"348-7193",1
415,"417-4063",0
408,"375-6911",0
415,"358-3604",0
415,"339-7485",0
408,"368-3078",0
510,"418-7055",1
415,"386-9981",0
510,"366-2541",0
510,"335-3110",0
510,"400-7809",0
415,"404-3106",1
415,"333-2337",0
408,"353-6482",0
415,"397-8162",0
510,"380-6722",0
510,"329-2918",0
510,"348-8022",0
408,"388-4459",0
510,"358-3114",0
415,"343-9654",0
415,"401-9909",0
415,"404-9978",0
408,"397-8011",0
415,"341-8719",1
415,"408-1242",0
510,"406-7726",0
415,"351-2773",0
408,"368-6174",0
415,"334-5029",1
415,"413-1789",0
408,"414-1246",0
415,"330-4978",1
415,"386-1631",0
415,"363-1208",0
415,"334-5263",0
415,"361-4137",0
408,"374-8187",0
510,"370-1525",0
408,"355-3801",1
510,"392-5605",0
510,"363-1366",0
415,"358-5274",0
510,"376-9607",1
415,"374-1213",0
415,"421-8537",1
415,"351-5576",0
415,"407-7258",1
408,"405-4420",0
408,"340-2855",0
408,"342-8002",0
408,"355-6826",0
415,"402-3886",0
415,"336-5900",0
415,"339-7684",0
510,"390-2433",0
408,"360-7246",0
415,"335-6508",1
415,"348-6720",1
415,"406-6400",0
510,"390-7370",0
510,"390-5055",1
408,"405-7542",0
415,"364-4927",0
415,"329-3458",0
510,"331-3842",0
415,"343-4147",0
415,"335-2274",0
408,"343-3227",0
415,"336-6907",0
415,"331-1391",1
510,"360-1643",0
510,"410-2518",0
510,"344-4970",0
415,"408-1486",0
510,"396-1648",0
415,"391-2022",0
415,"420-6465",1
510,"398-2628",0
510,"409-5519",0
408,"391-8554",0
510,"395-1693",0
510,"393-3194",0
408,"328-3402",0
510,"411-4781",0
408,"401-2581",0
415,"385-1214",0
415,"348-6853",1
415,"341-8412",0
415,"330-8142",0
415,"361-1404",0
415,"375-9671",0
510,"372-1824",0
510,"408-3606",0
415,"333-3595",0
415,"379-7009",0
510,"411-4940",0
415,"409-7523",1
415,"408-6725",0
415,"350-2384",0
408,"348-1706",0
415,"415-6145",0
408,"373-3731",0
415,"341-3349",0
510,"399-8859",0
408,"377-4518",0
408,"341-1594",0
415,"418-8770",0
415,"332-9118",0
415,"386-1418",0
408,"393-3535",0
408,"328-9006",0
415,"402-2482",0
510,"408-4865",0
408,"396-6247",0
408,"396-9462",0
415,"396-9279",0
510,"363-8715",0
415,"356-1358",0
408,"360-7839",0
415,"364-8774",0
408,"348-5038",0
415,"365-4728",0
408,"351-9037",0
415,"397-9184",0
510,"398-4538",0
408,"382-6827",0
415,"408-1340",0
415,"333-9511",0
415,"358-7379",0
510,"397-1766",1
408,"331-2144",0
415,"345-7014",0
510,"395-1898",0
510,"373-8920",0
408,"373-8908",1
408,"415-1203",0
510,"369-7017",1
415,"420-8435",1
510,"395-2579",0
408,"405-7850",0
510,"394-7710",0
408,"342-4122",1
408,"340-1876",1
510,"383-6095",1
510,"413-1061",0
415,"343-5347",0
415,"376-4861",0
510,"417-2265",0
408,"419-7415",0
415,"407-2259",1
510,"333-2906",0
510,"360-7477",0
408,"342-5243",0
408,"417-3999",1
408,"379-1720",1
408,"368-3117",0
510,"352-5000",0
408,"405-7676",1
510,"361-2349",1
408,"383-2901",0
408,"369-7049",0
408,"387-5533",1
415,"362-3660",0
408,"357-3577",0
510,"394-3312",0
510,"395-8330",0
510,"373-8895",0
415,"386-4581",0
415,"354-8191",0
408,"359-7562",0
415,"359-4336",1
510,"336-9901",0
415,"406-3069",1
415,"334-6519",1
408,"361-8113",0
510,"347-9769",0
510,"352-9130",0
408,"378-4557",0
510,"360-8919",0
510,"405-4109",1
408,"381-2498",0
415,"357-5696",1
415,"412-2947",0
415,"363-3571",0
415,"405-5403",1
510,"330-9354",1
408,"396-7091",0
408,"398-3004",0
415,"400-4020",0
415,"356-3448",0
415,"335-2019",1
415,"332-6633",0
510,"359-7648",0
408,"412-9190",0
415,"368-9007",0
510,"384-5632",1
408,"352-6068",1
415,"343-9645",0
415,"384-7873",0
408,"396-2187",0
408,"383-5109",0
415,"377-7843",0
415,"382-7999",0
408,"328-1222",0
408,"371-1727",1
510,"369-8871",0
408,"335-9726",0
415,"357-3709",0
415,"422-9964",0
510,"366-9211",0
408,"384-9033",0
408,"382-4932",1
415,"404-7518",0
415,"353-1954",0
415,"391-7166",0
408,"370-9000",0
415,"332-3642",0
415,"412-3898",0
408,"366-5640",0
510,"356-2302",0
510,"345-9018",0
415,"365-6205",0
415,"337-1151",0
510,"374-4664",0
415,"396-9656",0
408,"377-5043",1
415,"401-7359",1
415,"375-2184",1
415,"367-6005",0
415,"364-2166",0
408,"414-4741",0
510,"403-9719",1
415,"371-8452",0
408,"392-6239",0
415,"410-5250",0
510,"336-1574",0
415,"406-8324",0
415,"411-7110",0
408,"341-9907",0
510,"400-8952",0
415,"333-9266",0
415,"419-4894",0
415,"364-9904",1
415,"394-3048",0
415,"352-6265",0
408,"357-3187",0
510,"373-8483",1
415,"375-9930",0
510,"352-6282",0
408,"396-2945",0
510,"412-3527",0
510,"328-4231",0
510,"413-9055",0
408,"363-8755",0
415,"388-8891",0
415,"360-1776",0
510,"411-3578",0
510,"399-7268",1
415,"350-1532",0
415,"359-2197",0
408,"407-9290",0
510,"358-6672",0
510,"393-4621",0
415,"336-7357",0
415,"351-1466",0
510,"394-6668",0
408,"403-2673",1
408,"355-1735",0
415,"416-7679",0
415,"340-4972",1
510,"417-4826",1
510,"408-6676",0
408,"417-6683",0
510,"331-6270",0
415,"404-9754",0
510,"364-9425",0
415,"339-6477",1
408,"362-2787",0
415,"405-9233",0
408,"416-1845",0
408,"385-9657",0
415,"420-5652",0
415,"415-1141",0
510,"334-5634",0
510,"403-4200",0
510,"357-7893",0
510,"369-2899",0
510,"381-1026",0
415,"388-8722",0
415,"418-3135",0
415,"380-3974",0
408,"338-7232",0
415,"334-5223",0
408,"340-8323",1
408,"337-6851",0
415,"344-5973",0
510,"335-2261",0
415,"343-1458",0
510,"415-4875",0
510,"381-2726",0
415,"395-3852",0
415,"358-7914",0
408,"332-6958",0
415,"355-1019",0
408,"382-9447",0
415,"386-8536",0
510,"363-3818",0
408,"360-6416",0
510,"332-8764",0
415,"398-4814",0
415,"410-5963",0
415,"399-6642",0
415,"390-9986",0
415,"391-1793",0
408,"352-5542",0
415,"386-8118",0
415,"394-9825",0
510,"382-4952",0
415,"387-2698",0
408,"417-1360",0
510,"408-4836",1
415,"374-8329",1
415,"363-8424",0
510,"408-8910",0
415,"399-3840",0
408,"367-8692",1
415,"387-4504",0
510,"328-2647",0
415,"369-7903",0
408,"399-6852",0
408,"335-4888",1
415,"344-2260",0
510,"349-4070",0
415,"394-6505",0
415,"419-3612",0
408,"356-1952",0
510,"416-7866",0
415,"398-1759",0
415,"338-9950",0
510,"412-7278",0
510,"347-1263",0
415,"386-5684",0
408,"334-4354",0
415,"398-5970",0
415,"330-3429",0
408,"418-4637",0
408,"393-7322",0
415,"353-5557",0
415,"411-5334",0
415,"398-8588",0
415,"374-7285",0
408,"379-7215",1
510,"357-7875",0
510,"393-9677",0
415,"345-9598",0
415,"353-3203",0
415,"330-7486",0
415,"397-6425",0
510,"338-1815",0
408,"406-5023",0
408,"368-2458",0
408,"400-8375",1
415,"387-8201",0
510,"346-4360",0
408,"412-8811",0
415,"413-3990",0
408,"345-2448",0
510,"394-4512",0
408,"400-8538",1
408,"412-8769",0
415,"390-1552",0
415,"389-2477",0
415,"389-4695",0
408,"406-8037",0
415,"382-9138",0
510,"414-7942",0
415,"348-7071",0
415,"404-2942",0
408,"348-3581",0
408,"327-6764",0
415,"405-2831",0
415,"416-4351",0
415,"419-3196",0
510,"411-6211",0
408,"391-8369",0
408,"416-4464",0
415,"347-1814",0
408,"386-7337",0
510,"375-8505",0
510,"407-5056",0
415,"367-8924",0
510,"419-5171",1
408,"396-7687",0
415,"394-4548",0
415,"382-6438",0
408,"413-2194",1
510,"366-2622",0
408,"416-7591",0
408,"355-2634",1
408,"422-5350",1
510,"329-2388",0
408,"381-5273",0
415,"421-6694",0
415,"342-1702",0
415,"381-4029",1
408,"335-2967",1
408,"416-6594",0
510,"388-6026",1
510,"367-1024",0
415,"386-7118",0
510,"346-2020",1
408,"329-9067",1
510,"329-6144",0
510,"332-1502",0
510,"342-8320",0
408,"411-5748",0
415,"381-9367",0
415,"400-1280",0
510,"360-5794",0
408,"373-3538",0
408,"394-9942",0
408,"380-3329",0
415,"334-7618",0
408,"327-9289",0
510,"351-2589",0
510,"368-6892",0
415,"337-9303",0
415,"377-5258",0
415,"348-5767",0
415,"373-3549",0
415,"422-8344",0
510,"411-2958",1
415,"384-2908",0
510,"347-6393",0
415,"385-7148",1
415,"419-2767",0
415,"375-1746",0
415,"362-7870",0
408,"410-3725",0
415,"387-1535",1
408,"329-2045",0
415,"341-6743",0
415,"336-8343",1
415,"368-5758",0
415,"346-8362",0
415,"345-9690",0
408,"339-9798",0
408,"359-5731",1
415,"373-2091",0
510,"367-3439",0
510,"367-1681",1
415,"420-9973",0
408,"351-4025",1
415,"393-5897",0
415,"384-7216",0
415,"384-4595",0
510,"329-9667",1
415,"347-5063",0
510,"345-8433",0
510,"339-7602",0
415,"332-1109",0
415,"343-3296",0
415,"366-2536",0
510,"355-2293",0
408,"350-9318",0
510,"418-5300",1
510,"395-2626",0
415,"402-7372",0
415,"337-9710",0
415,"363-4967",0
510,"400-5389",0
415,"416-9162",0
415,"414-6541",0
510,"392-6647",0
510,"343-2465",0
510,"338-9171",0
415,"405-4606",0
415,"386-9711",0
415,"327-8495",1
415,"416-5660",1
510,"370-3032",0
510,"331-8462",0
408,"414-4037",0
415,"415-2865",0
510,"362-2353",0
408,"329-5114",0
408,"351-1389",0
415,"375-3668",0
415,"375-5414",0
415,"360-7079",0
415,"344-9302",0
415,"418-1775",0
510,"401-2468",0
510,"346-4984",0
415,"351-2928",0
510,"365-7774",1
510,"358-3691",0
415,"364-9059",0
408,"356-7208",0
408,"333-5551",0
408,"362-6528",0
510,"394-2560",0
415,"367-3220",1
415,"418-5708",0
415,"421-2245",0
415,"406-2242",1
415,"347-6994",0
415,"413-7468",1
415,"389-6082",0
415,"415-3689",0
408,"379-2503",1
415,"396-1106",0
415,"379-4372",0
415,"336-3738",0
415,"380-2600",0
415,"345-4473",0
510,"380-9990",0
408,"411-1045",0
415,"413-5306",0
408,"417-6906",0
510,"331-4807",0
415,"376-5375",0
510,"361-9839",0
510,"348-8679",0
510,"403-6565",0
510,"346-5287",0
510,"413-6769",0
408,"370-5042",0
510,"397-9486",0
415,"364-3286",1
408,"420-8897",1
415,"378-9506",0
415,"399-6259",0
415,"335-5806",0
415,"401-6392",0
415,"379-9859",0
510,"415-4051",0
415,"368-5612",0
510,"374-5301",0
415,"406-5710",0
408,"354-7077",0
510,"343-3340",0
510,"377-8267",0
415,"382-2453",0
408,"333-7449",0
415,"366-4287",0
415,"415-2285",0
415,"381-1328",0
408,"344-4022",0
408,"415-6601",0
415,"351-7309",1
415,"363-7802",0
415,"408-4870",0
408,"378-9478",0
408,"401-4778",0
510,"370-9563",0
408,"394-6382",0
415,"333-5295",0
510,"370-2451",0
510,"401-6982",1
408,"329-8115",0
415,"340-3409",0
415,"397-5911",0
415,"415-6127",0
510,"392-6073",0
415,"419-6564",0
510,"340-8245",0
415,"376-4540",0
510,"361-5936",0
415,"421-9846",0
415,"356-1582",0
415,"375-4900",0
415,"420-8953",0
415,"376-4035",0
415,"344-5206",0
415,"328-7833",1
415,"417-4266",0
408,"351-6574",0
415,"372-8925",0
510,"340-5678",0
415,"361-6814",0
415,"336-7155",0
510,"342-8167",1
408,"375-9180",0
415,"357-7064",0
510,"347-5354",0
510,"362-9391",0
415,"386-8984",0
415,"384-6372",0
415,"358-1329",0
510,"400-7987",0
415,"327-8732",0
510,"389-6955",0
415,"396-1800",0
415,"349-4979",0
510,"361-5864",0
415,"418-4658",0
415,"330-6208",0
415,"416-6628",0
415,"349-5617",0
415,"397-8051",0
510,"413-6346",0
408,"395-9270",0
415,"401-7575",0
408,"332-5964",0
415,"348-3338",0
408,"387-5411",0
415,"378-7872",0
415,"389-6037",0
415,"349-3732",0
510,"347-9738",0
415,"380-6074",0
415,"338-4307",0
408,"339-3636",0
510,"328-9315",0
510,"402-3634",0
510,"348-4316",1
415,"375-3826",1
415,"360-1406",0
415,"356-5475",1
415,"363-9969",0
415,"350-4367",0
510,"348-1592",0
415,"368-9751",0
415,"380-6413",0
510,"367-9259",0
415,"404-8765",0
510,"371-6284",1
415,"403-9468",0
415,"335-3133",0
510,"366-4426",0
408,"354-4752",0
510,"406-4768",0
510,"367-9257",0
415,"342-8348",0
408,"410-7611",1
415,"341-3270",0
408,"416-7452",0
415,"356-8982",0
415,"340-6908",1
415,"348-6659",0
408,"345-2401",0
415,"422-5264",0
415,"422-1799",0
408,"404-2877",0
415,"417-7913",0
408,"399-2457",1
408,"419-3427",0
415,"358-2490",1
510,"349-3112",1
415,"414-5422",0
415,"386-3766",0
415,"386-9724",0
415,"416-7393",0
415,"395-1380",0
415,"408-4911",0
415,"387-4064",0
408,"380-5667",0
408,"402-8930",0
415,"336-6533",0
415,"359-9992",0
415,"391-1737",1
510,"404-2871",0
415,"420-6121",0
415,"369-4012",0
510,"357-2294",0
415,"348-9938",0
510,"394-3023",0
415,"352-5466",1
415,"364-5510",1
510,"396-6462",0
510,"384-5335",0
408,"416-6886",1
415,"357-2748",0
408,"386-7976",0
510,"403-9199",0
510,"361-1900",0
408,"405-3848",0
408,"344-1136",1
408,"378-6276",1
510,"343-2592",1
415,"396-4410",1
510,"397-3943",0
408,"347-3821",0
510,"400-8069",0
415,"346-5349",0
415,"345-5089",0
510,"410-4613",0
510,"356-4706",0
415,"347-3406",1
408,"333-9133",0
415,"392-2459",0
510,"401-3685",0
415,"352-7752",1
415,"388-9285",1
415,"332-5582",0
408,"376-2550",0
415,"333-4594",1
510,"375-2522",0
510,"388-2240",1
415,"420-1782",0
415,"384-8890",0
408,"371-4788",0
408,"360-5636",0
415,"373-4264",1
510,"352-9836",0
415,"342-2013",0
415,"354-5689",1
510,"335-8427",0
408,"409-6753",0
415,"349-1756",0
510,"328-8980",1
415,"399-2151",1
415,"379-9524",1
408,"352-9947",0
408,"336-1043",0
415,"416-7013",0
415,"345-4551",0
415,"405-9864",0
415,"350-4297",0
510,"350-7114",1
415,"400-4244",0
415,"417-2608",0
415,"372-2990",0
510,"353-9998",1
415,"330-3008",0
415,"384-8629",0
415,"404-9504",0
510,"405-8753",0
415,"409-9911",1
415,"394-4260",0
415,"380-9063",0
510,"395-4509",0
408,"401-6671",0
510,"405-7204",0
415,"329-5377",0
415,"408-9572",0
408,"380-9879",0
408,"384-9243",0
415,"404-5597",0
415,"359-7521",0
415,"327-4795",0
510,"338-7955",0
415,"379-6970",1
415,"351-7807",0
415,"342-9394",0
415,"384-6264",0
408,"352-4534",0
415,"378-4617",0
415,"364-9567",0
408,"371-5875",0
415,"383-6489",0
415,"345-7117",0
408,"384-3902",0
415,"386-2759",0
415,"356-1270",0
408,"379-1336",0
415,"354-7201",0
408,"404-5057",0
510,"407-8012",0
510,"332-6139",1
510,"328-1373",0
415,"411-6501",0
415,"329-8056",0
415,"415-4564",1
408,"329-6192",0
510,"384-3904",0
408,"373-1028",0
408,"369-1220",0
415,"359-9369",0
415,"415-3016",0
510,"414-7090",1
415,"350-2250",0
415,"383-9355",0
408,"417-3257",0
510,"336-8010",0
415,"354-7718",0
415,"358-4412",0
408,"368-8972",0
510,"407-9841",0
415,"393-5208",0
408,"332-2889",1
510,"374-5530",0
415,"332-3381",0
415,"344-9347",0
415,"412-1991",1
415,"393-4528",0
408,"347-2378",0
408,"385-2699",0
408,"383-4319",0
415,"352-7915",0
415,"375-5547",0
415,"337-2348",0
415,"342-8702",0
408,"393-5802",0
415,"384-2219",0
415,"347-6164",0
510,"376-9940",0
415,"354-4352",0
408,"331-8713",0
510,"341-3663",0
408,"376-4665",0
408,"421-9034",0
408,"401-5169",0
408,"370-8262",0
510,"387-2041",0
408,"356-4146",0
510,"372-8883",1
510,"336-1880",0
415,"347-5843",0
415,"370-8023",0
415,"417-9814",0
408,"387-3422",0
415,"365-1664",0
415,"367-2436",0
510,"344-6258",0
415,"353-8928",0
510,"365-7784",0
510,"330-2635",1
408,"344-3131",0
510,"378-4294",0
415,"343-9365",0
510,"362-5579",0
415,"366-7616",0
415,"397-2870",0
415,"408-3262",1
408,"372-9091",0
408,"410-3159",1
408,"344-5181",1
415,"396-8662",0
408,"339-6446",0
415,"384-7236",1
415,"353-5257",0
408,"369-7295",0
510,"408-5322",1
408,"344-9620",0
415,"329-8436",0
510,"414-6739",0
408,"406-1730",0
415,"336-9327",0
408,"378-7418",0
408,"412-6019",0
408,"390-4789",0
415,"386-9774",0
408,"353-8970",0
408,"410-5370",0
415,"404-4421",0
408,"409-3353",0
510,"422-2571",0
415,"412-3404",0
408,"333-2964",0
510,"406-6669",0
415,"409-8802",0
510,"354-6183",0
510,"354-2434",0
415,"389-7620",0
510,"338-1724",0
510,"399-1750",0
408,"354-8914",0
415,"409-2983",1
510,"329-9689",0
415,"337-8950",0
415,"374-1836",0
510,"359-9454",0
415,"378-9542",1
415,"344-1970",1
415,"417-2774",0
415,"333-9002",1
415,"369-8576",0
510,"372-6920",0
510,"333-6575",0
415,"410-1190",0
510,"376-1641",0
415,"329-6731",1
510,"393-3976",0
415,"388-7355",0
510,"412-7791",0
510,"368-6111",0
415,"401-9420",0
510,"352-5750",0
510,"417-3702",0
415,"353-5714",0
510,"409-9494",0
408,"395-1901",1
415,"378-8342",0
408,"417-6044",0
510,"348-1163",1
408,"337-4600",1
408,"355-5922",0
415,"369-5810",0
415,"340-8291",0
510,"354-7397",1
408,"407-7464",0
408,"386-6411",0
510,"397-3746",1
415,"410-5236",0
415,"409-2412",0
415,"400-7280",0
415,"332-5820",1
415,"373-4483",0
408,"347-6717",0
415,"380-2929",0
415,"420-7692",0
510,"380-6437",0
510,"377-8309",0
415,"407-2718",0
415,"357-1938",1
415,"381-3735",0
415,"409-8453",0
415,"395-6758",0
510,"399-5424",0
408,"409-4671",1
415,"374-6525",0
415,"406-8665",0
510,"342-7716",0
415,"417-2221",0
415,"376-5213",1
408,"348-7448",0
408,"328-8179",0
408,"389-4602",0
415,"413-2238",0
415,"402-3370",1
408,"348-6008",0
408,"371-5655",0
415,"374-5224",0
415,"371-1187",0
415,"337-1100",0
510,"421-8141",0
408,"406-2678",0
510,"415-9649",0
510,"364-8128",0
415,"356-7817",0
415,"404-6357",0
415,"398-2138",0
408,"378-8029",0
415,"386-4215",0
415,"367-8156",0
408,"382-8079",1
415,"354-2985",0
408,"373-6922",1
415,"397-7125",0
415,"333-6296",0
415,"365-6022",0
510,"365-1688",0
415,"382-4872",0
408,"367-6136",0
510,"404-3592",0
510,"415-2949",0
415,"375-8880",0
415,"335-6832",0
415,"361-8367",0
415,"408-2002",0
415,"347-8659",1
415,"376-2922",0
415,"382-2182",1
510,"408-2089",0
415,"369-6890",1
408,"347-2951",0
510,"420-6324",1
408,"402-7650",0
408,"391-2702",0
415,"383-3375",0
510,"392-2733",0
408,"397-9933",0
415,"383-9306",1
415,"369-1929",1
415,"369-4377",0
415,"366-9430",0
510,"353-7407",0
415,"359-7426",1
510,"332-7391",0
408,"405-6559",0
510,"338-8784",0
415,"415-6347",1
510,"354-5058",0
415,"342-5701",0
415,"378-4179",0
510,"407-6391",0
415,"404-3105",0
415,"390-9735",1
408,"350-4820",0
415,"383-8807",0
415,"366-8382",0
415,"402-9704",0
408,"405-2209",0
510,"397-3939",0
415,"343-2689",1
408,"383-9448",0
415,"359-6232",1
415,"369-9772",0
415,"381-7003",0
510,"352-6732",0
510,"388-7540",1
415,"356-3333",0
510,"333-9664",0
408,"363-3763",0
510,"345-7900",0
415,"400-5511",0
415,"381-7597",0
408,"404-9775",0
408,"389-4608",1
415,"403-1742",0
510,"328-9797",1
510,"359-9223",0
415,"336-7696",0
408,"369-2214",0
415,"411-1325",0
408,"410-7553",0
510,"376-4284",0
415,"334-2800",0
510,"369-1904",0
415,"359-3833",0
415,"348-5569",0
415,"342-1960",0
408,"352-9050",0
415,"390-5316",0
415,"418-8568",1
408,"401-4844",0
510,"376-5471",0
415,"409-2917",0
408,"369-6308",0
415,"357-7385",0
408,"405-7119",0
510,"405-3309",1
408,"384-4938",1
408,"377-2725",0
510,"405-6398",0
415,"355-9366",1
510,"403-1128",0
415,"384-9682",0
415,"352-5393",0
510,"395-1229",0
510,"361-9195",0
415,"351-6366",0
408,"346-4919",0
415,"354-9068",0
408,"369-2743",0
408,"343-1347",1
415,"336-5495",0
408,"376-4292",1
510,"391-8677",0
415,"350-7273",0
510,"400-6454",0
415,"422-3052",0
408,"365-6756",0
415,"406-4158",0
415,"383-4641",0
415,"368-5165",0
415,"378-2432",0
415,"362-4159",0
408,"363-7979",0
408,"334-9818",0
408,"352-5787",1
415,"332-3617",0
408,"327-9957",0
408,"338-7527",0
510,"348-8711",0
415,"421-3226",0
415,"391-4358",0
510,"379-2523",0
408,"419-2369",0
510,"382-1227",0
408,"409-5749",0
510,"362-7951",0
408,"415-3537",1
510,"373-3959",1
415,"358-1346",1
415,"381-8422",0
408,"360-9005",0
408,"344-5967",0
415,"396-6390",0
415,"346-5036",0
408,"328-7252",0
415,"360-1745",0
415,"358-2046",0
415,"344-6935",0
408,"401-9665",1
510,"399-5291",1
415,"409-6588",1
415,"358-5721",0
415,"414-7446",0
415,"329-9517",0
408,"415-9553",0
415,"413-3177",0
415,"347-5113",0
510,"330-2662",0
408,"330-5824",1
510,"411-1261",0
415,"329-8788",0
408,"333-7869",0
408,"399-4800",0
415,"402-2072",0
510,"403-6187",1
408,"355-2872",0
415,"386-2970",0
415,"389-6081",0
408,"348-7556",0
415,"334-9163",0
408,"411-4293",0
408,"375-5562",0
415,"386-3823",0
408,"364-6445",0
415,"383-2251",0
415,"351-3169",0
415,"413-6380",0
510,"380-9674",0
510,"345-2319",0
415,"377-5441",0
415,"358-3692",1
408,"400-5831",0
408,"357-5995",0
415,"391-2159",1
510,"398-5954",0
408,"385-6175",0
408,"334-2961",0
415,"405-4303",0
415,"406-4100",1
510,"352-4401",0
510,"347-1473",0
510,"347-2016",1
415,"388-8948",1
510,"402-5509",0
415,"367-2598",0
408,"370-5001",0
415,"332-3693",0
415,"403-9766",0
510,"363-2407",0
415,"395-9214",0
408,"351-8894",0
408,"406-5003",0
415,"398-1332",0
415,"363-8033",1
415,"333-1012",0
510,"391-6260",0
510,"336-1353",0
415,"365-5629",0
415,"349-4397",0
415,"380-3910",0
415,"354-7820",0
415,"338-9952",0
415,"405-1821",0
510,"329-8669",0
415,"328-8808",0
510,"409-3018",0
408,"421-5994",0
415,"354-4448",0
510,"352-5081",0
415,"401-7803",0
415,"420-6052",0
408,"352-6084",0
510,"388-8583",0
415,"415-3158",0
415,"402-9304",0
415,"341-1916",0
408,"381-2745",0
415,"402-5014",0
415,"399-8846",0
408,"328-9267",1
408,"348-7224",0
408,"336-2190",0
415,"376-4705",1
415,"381-4076",0
415,"348-8464",0
408,"412-7020",0
415,"386-8432",0
408,"337-1802",0
510,"366-1084",1
510,"352-4182",0
415,"368-5628",0
510,"333-8996",0
415,"353-2557",0
415,"356-8621",0
415,"354-6942",0
415,"377-9829",0
408,"348-4660",1
415,"410-5199",0
415,"397-6542",1
415,"333-4492",0
408,"405-9573",0
415,"359-7255",0
415,"419-5501",0
415,"404-4809",1
415,"344-6334",0
510,"400-1899",0
415,"346-5053",0
408,"398-2148",0
408,"347-7675",0
415,"411-8956",0
415,"390-3761",0
408,"377-3876",0
408,"345-2476",0
408,"337-7879",0
408,"361-7283",1
408,"372-4868",1
415,"346-8863",0
415,"390-5267",0
408,"392-1547",0
408,"340-8177",0
415,"383-4802",0
510,"378-8567",0
415,"406-7844",1
415,"402-9173",0
415,"352-3440",0
415,"363-1413",0
415,"394-8861",0
408,"358-4036",0
415,"392-4680",0
510,"354-2762",0
415,"371-5811",0
415,"387-2014",0
408,"411-6598",0
415,"355-9356",0
510,"406-4720",0
415,"356-7239",0
415,"328-8747",0
510,"388-9464",0
415,"406-2866",1
408,"333-5729",1
510,"391-1499",1
408,"386-8690",0
510,"391-2231",0
510,"332-2275",0
415,"340-4028",0
415,"363-3486",0
415,"418-3181",0
510,"351-3316",0
408,"369-3626",1
510,"353-2763",0
408,"358-7165",1
415,"353-3223",0
415,"338-9044",0
415,"341-7296",0
415,"398-4431",0
415,"408-5601",0
415,"328-5188",1
415,"329-4474",0
408,"357-4573",0
415,"341-7112",0
415,"400-3147",0
415,"378-1936",1
415,"347-1640",0
408,"374-9531",0
408,"380-4374",1
415,"380-9409",0
415,"387-1116",1
415,"400-7509",0
415,"403-6225",0
408,"382-8274",0
415,"354-5764",0
415,"387-6912",0
408,"384-3413",1
415,"367-3950",0
415,"396-4254",1
415,"333-3010",1
415,"393-1891",0
415,"336-9053",0
408,"353-3372",1
415,"386-8943",0
408,"376-9716",0
415,"370-8676",0
415,"360-2329",1
408,"360-1320",0
415,"329-8638",0
415,"385-1118",1
415,"408-8269",1
510,"391-2334",0
510,"373-8900",0
415,"382-3512",0
415,"420-4089",0
408,"406-8465",0
510,"386-6114",0
408,"413-9328",1
415,"335-7144",1
415,"414-5177",0
510,"350-5993",0
415,"370-1465",0
408,"385-2370",0
415,"358-9146",0
415,"357-8515",0
408,"406-8995",1
415,"344-3145",0
408,"341-9890",1
415,"365-4387",0
415,"375-3341",0
415,"418-3096",0
408,"378-3879",0
408,"344-1362",1
415,"419-3937",0
408,"348-4961",0
408,"329-1410",0
415,"332-9896",0
415,"407-8575",0
510,"387-2799",0
408,"373-9108",0
415,"345-3947",1
415,"356-7511",0
415,"343-4516",0
415,"408-6305",0
415,"338-7305",0
510,"401-3077",0
415,"401-6977",0
408,"385-1464",0
408,"417-5034",0
415,"420-7066",0
510,"394-8256",0
415,"362-5044",0
510,"350-2075",0
415,"343-5372",0
510,"377-9520",0
408,"391-6773",0
415,"403-4442",0
408,"379-5885",1
415,"399-1021",0
415,"342-4004",0
415,"382-7659",0
510,"342-1004",1
415,"398-5851",0
415,"396-4869",0
510,"422-8333",0
415,"367-9127",0
415,"420-3028",0
415,"357-6348",0
415,"386-1131",0
415,"349-8391",0
510,"421-1484",0
510,"414-2663",0
415,"327-6989",0
415,"405-5513",1
415,"345-9168",0
408,"417-5146",0
510,"339-2792",0
415,"345-8397",0
415,"344-6404",0
408,"417-9455",0
408,"343-1009",0
408,"365-3493",0
408,"376-7043",0
415,"348-5728",1
510,"357-5784",0
415,"417-9844",0
408,"333-7225",0
415,"382-4943",0
415,"345-4589",1
415,"404-6337",0
415,"412-1470",0
415,"394-9220",0
415,"364-5362",0
408,"372-9852",0
510,"394-9984",0
510,"402-1668",0
510,"339-5659",0
510,"341-7279",0
415,"371-3236",0
408,"343-5679",0
415,"347-4626",0
408,"344-8498",0
408,"349-3005",1
408,"371-3498",0
510,"367-4853",0
415,"422-3454",0
415,"403-8915",0
415,"371-2418",0
510,"411-2977",1
408,"389-8163",0
415,"417-4456",1
408,"351-1894",0
510,"386-6408",0
510,"370-9592",0
415,"397-9251",0
408,"395-6913",0
408,"332-3804",0
510,"421-1326",1
415,"415-8200",0
415,"371-9414",0
510,"347-3895",0
510,"342-5854",0
415,"379-7192",0
415,"394-5753",0
510,"390-6932",0
408,"394-3171",0
415,"394-5202",0
510,"348-3777",0
510,"407-3949",0
408,"363-4779",0
415,"340-2239",0
510,"359-3423",1
415,"382-9297",0
415,"330-9294",0
415,"362-8763",0
415,"403-4816",0
415,"371-2155",0
408,"334-1339",0
415,"341-7412",0
415,"375-4770",0
415,"406-7643",0
415,"415-8164",0
510,"354-3545",0
415,"377-3139",0
408,"418-7478",0
408,"385-6952",0
408,"381-8593",0
415,"365-9371",0
408,"401-7335",0
510,"364-5126",0
415,"385-7157",1
415,"385-4766",1
408,"390-1760",0
408,"365-8831",0
408,"353-4002",0
415,"367-5923",0
408,"393-9548",0
408,"362-2356",0
415,"365-2341",0
408,"388-8797",0
415,"400-4713",0
408,"420-3042",0
408,"396-4171",0
510,"389-8417",1
415,"339-4068",0
415,"341-4873",1
415,"336-2322",0
510,"402-1607",0
510,"379-3037",0
510,"382-1399",0
415,"394-5489",1
415,"387-6065",0
415,"327-6087",0
510,"341-8667",0
408,"338-9612",0
510,"364-1134",0
408,"413-4811",0
415,"354-4333",0
408,"382-2026",0
415,"368-3287",0
510,"367-8298",0
415,"391-1783",0
408,"393-8762",1
415,"385-1423",0
510,"406-7670",0
415,"339-5423",0
415,"366-8939",1
510,"353-2391",0
415,"372-4203",0
408,"385-5688",1
415,"397-7453",0
415,"366-9015",0
415,"356-1654",0
408,"337-3932",0
408,"350-1126",0
415,"416-3649",1
415,"349-1726",0
415,"405-1589",0
408,"366-7560",0
510,"333-9643",0
415,"355-6422",0
510,"329-5400",0
415,"383-6356",0
408,"377-7276",0
415,"337-1586",1
510,"336-9273",0
415,"415-5476",1
415,"332-2650",1
415,"418-8257",0
408,"407-3121",0
510,"381-2413",0
415,"378-1144",0
408,"359-5091",0
510,"378-6986",0
415,"386-6580",0
408,"419-9713",0
415,"382-6153",0
408,"332-1690",0
408,"348-9383",0
408,"420-3857",0
415,"405-2653",0
510,"417-9278",0
415,"352-5663",0
415,"370-8786",0
415,"415-6333",0
408,"391-6558",0
415,"396-4234",0
510,"345-6961",1
415,"346-5992",1
415,"402-3908",1
510,"350-2340",0
415,"410-2015",0
415,"380-3311",0
510,"399-7029",0
510,"337-3868",0
415,"354-8088",0
415,"416-9723",0
510,"337-4403",0
510,"416-1536",0
408,"386-3796",0
510,"340-4989",0
510,"340-6221",0
408,"363-3469",0
408,"345-3787",1
510,"362-3107",0
408,"345-1994",0
415,"377-5417",0
415,"369-8574",1
510,"344-6847",0
415,"391-7528",0
510,"393-6053",0
415,"392-6286",0
510,"365-9079",0
510,"399-3089",0
510,"365-2192",0
510,"394-3051",0
415,"357-2429",0
415,"421-6268",0
408,"401-5915",0
408,"348-6057",0
415,"349-3843",0
408,"396-5561",0
415,"370-9622",1
408,"371-9602",0
510,"351-2815",1
415,"369-8703",0
510,"355-2840",0
415,"372-1115",0
408,"337-2986",0
510,"404-3238",0
510,"397-4968",0
415,"327-1058",0
510,"419-9509",0
408,"349-7282",0
408,"382-5743",0
415,"358-2694",0
510,"378-1884",1
415,"330-1627",0
408,"392-5716",0
415,"384-6132",1
415,"359-2740",0
415,"338-6714",1
415,"347-9968",0
415,"343-3399",0
408,"334-6129",1
510,"377-4975",1
415,"405-3533",0
415,"337-9326",0
415,"338-6556",0
408,"354-3040",0
510,"396-1278",0
415,"354-6810",0
415,"403-6237",0
510,"411-6823",1
408,"338-1400",0
415,"412-6245",0
408,"377-3417",0
510,"343-2597",0
415,"388-8282",0
415,"416-8394",0
408,"343-6643",0
510,"330-4364",0
415,"414-1537",0
415,"408-1913",1
510,"406-5532",0
415,"417-7722",0
415,"367-5226",1
510,"344-5766",0
415,"405-1370",0
415,"368-9073",0
510,"373-7974",1
408,"371-4633",0
408,"336-4960",0
510,"405-5083",0
510,"392-1105",0
415,"378-2397",0
415,"331-4184",0
415,"376-2408",0
408,"345-3614",1
408,"370-9296",0
415,"402-5076",0
510,"401-7334",0
415,"409-3428",0
415,"362-2067",0
415,"352-2270",0
415,"404-5840",1
415,"360-3126",0
408,"364-8731",0
510,"388-4331",0
510,"335-7324",1
408,"362-8886",0
408,"410-4882",0
408,"371-1139",0
415,"391-5516",0
510,"380-3186",0
408,"347-9995",0
510,"340-9013",0
408,"362-8378",0
415,"418-8969",0
415,"417-1488",1
510,"358-9898",0
415,"373-7308",0
510,"330-7137",1
415,"406-8445",0
408,"404-5283",0
408,"398-3632",0
415,"399-5763",0
408,"340-9449",0
415,"363-1123",0
415,"361-2170",0
408,"406-6304",0
408,"392-5090",0
415,"373-7713",0
415,"392-1376",0
510,"390-6388",0
415,"379-7290",0
415,"397-9928",0
415,"378-6924",0
510,"411-5677",1
415,"400-2738",0
408,"409-1856",1
415,"362-5899",1
415,"377-1164",0
408,"368-8555",0
415,"347-6812",0
415,"348-3830",0
415,"414-4276",0
415,"370-3271",0
510,"328-8230",0
510,"364-6381",0
415,"400-4344",0
