<?xml version="1.0" encoding="UTF-8"?>
<config xmlns="http://www.knime.org/2008/09/XMLConfig" xmlns:xsi="http://www.w3.org/2001/XMLSchema-instance" xsi:schemaLocation="http://www.knime.org/2008/09/XMLConfig http://www.knime.org/XMLConfig_2008_09.xsd" key="spec.xml">
    <entry key="spec_name" type="xstring" value="default"/>
    <entry key="number_columns" type="xint" value="1"/>
    <config key="column_spec_0">
        <entry key="column_name" type="xstring" value="coloring"/>
        <config key="element_names">
            <entry key="array-size" type="xint" value="0"/>
        </config>
        <config key="column_type">
            <entry key="cell_class" type="xstring" value="org.knime.core.data.def.StringCell"/>
        </config>
        <config key="column_domain">
            <config key="possible_values">
                <entry key="array-size" type="xint" value="4"/>
                <config key="0">
                    <entry key="datacell" type="xstring" value="org.knime.core.data.def.StringCell"/>
                    <config key="org.knime.core.data.def.StringCell">
                        <entry key="StringCell" type="xstring" value="WS34/2"/>
                    </config>
                </config>
                <config key="1">
                    <entry key="datacell" type="xstring" value="org.knime.core.data.def.StringCell"/>
                    <config key="org.knime.core.data.def.StringCell">
                        <entry key="StringCell" type="xstring" value="HEX42-4"/>
                    </config>
                </config>
                <config key="2">
                    <entry key="datacell" type="xstring" value="org.knime.core.data.def.StringCell"/>
                    <config key="org.knime.core.data.def.StringCell">
                        <entry key="StringCell" type="xstring" value="SMS3598"/>
                    </config>
                </config>
                <config key="3">
                    <entry key="datacell" type="xstring" value="org.knime.core.data.def.StringCell"/>
                    <config key="org.knime.core.data.def.StringCell">
                        <entry key="StringCell" type="xstring" value="misclassified"/>
                    </config>
                </config>
            </config>
        </config>
        <config key="column_properties"/>
        <config key="color_handler">
            <entry key="color_model_class" type="xstring" value="org.knime.core.data.property.ColorModelNominal"/>
            <config key="color_model">
                <config key="keys">
                    <config key="HEX42-4">
                        <entry key="datacell" type="xstring" value="org.knime.core.data.def.StringCell"/>
                        <config key="org.knime.core.data.def.StringCell">
                            <entry key="StringCell" type="xstring" value="HEX42-4"/>
                        </config>
                    </config>
                    <config key="misclassified">
                        <entry key="datacell" type="xstring" value="org.knime.core.data.def.StringCell"/>
                        <config key="org.knime.core.data.def.StringCell">
                            <entry key="StringCell" type="xstring" value="misclassified"/>
                        </config>
                    </config>
                    <config key="SMS3598">
                        <entry key="datacell" type="xstring" value="org.knime.core.data.def.StringCell"/>
                        <config key="org.knime.core.data.def.StringCell">
                            <entry key="StringCell" type="xstring" value="SMS3598"/>
                        </config>
                    </config>
                    <config key="WS34/2">
                        <entry key="datacell" type="xstring" value="org.knime.core.data.def.StringCell"/>
                        <config key="org.knime.core.data.def.StringCell">
                            <entry key="StringCell" type="xstring" value="WS34/2"/>
                        </config>
                    </config>
                </config>
                <entry key="HEX42-4" type="xint" value="-1893860"/>
                <entry key="misclassified" type="xint" value="-12566464"/>
                <entry key="SMS3598" type="xint" value="-13408513"/>
                <entry key="WS34/2" type="xint" value="-16724992"/>
            </config>
        </config>
        <config key="meta_data"/>
    </config>
</config>
